{
  "config": "configs/default.yaml",
  "seed": 42,
  "training": {
    "best_score": 0.8171428571428572,
    "best_epoch": 14
  },
  "test_metrics": {
    "roc_auc": 0.7362962962962963,
    "pr_auc": 0.5886903259051861,
    "ks_statistic": 0.4285714285714286,
    "gini": 0.4725925925925927,
    "brier_score": 0.18973018359920707,
    "accuracy": 0.7533333333333333,
    "precision": 0.75,
    "recall": 0.26666666666666666,
    "f1_score": 0.39344262295081966,
    "true_positive_rate": 0.26666666666666666,
    "true_negative_rate": 0.9619047619047619,
    "false_positive_rate": 0.0380952380952381,
    "false_negative_rate": 0.7333333333333333
  }
}